a1_en_que_tipo_de_trabajo_en_plataforma_participa_principalmente,a1_1_tipo_de_trabajo_otro,a2_en_que_ano_comenzo_a_trabajar_en_esta_plataforma,a3_en_promedio_cuantas_horas_a_la_semana_dedica_a_esta_actividad,a4_esta_actividad_es_actualmente_su_principal_fuente_de_ingreso,b1_que_tipo_de_transporte_utiliza_principalmente,b2_en_promedio_cuantos_pedidos_completa_por_dia_de_trabajo,b3_como_afectaron_los_periodos_de_cuarentena_su_volumen_de_trabajo,b4_en_que_plataformas_trabaja_principalmente,b4_en_que_plataformas_trabaja_principalmente_upwork_fiverr,b4_en_que_plataformas_trabaja_principalmente_plataformas_de_redaccion_blogging,b4_en_que_plataformas_trabaja_principalmente_mercado_local,b5_sus_clientes_son_principalmente_internacionales_o_locales,b6_como_afecto_la_devaluacion_del_peso_2022_2023_sus_ingresos,b7_que_tipo_de_vehiculo_utiliza,b8_en_promedio_cuantos_viajes_completa_por_dia_de_trabajo,b9_como_afecto_el_aumento_de_la_gasolina_sus_decisiones,b10_en_que_tipo_de_plataforma_o_actividad_participa,b10_en_que_tipo_de_plataforma_o_actividad_participa_servicios_a_domicilio_limpieza_reparaciones_belleza,b10_en_que_tipo_de_plataforma_o_actividad_participa_venta_comercio_redes_sociales_marketplaces,b10_en_que_tipo_de_plataforma_o_actividad_participa_ensenanza_cuidado_tutorias_nineras_adultos_mayores,b10_en_que_tipo_de_plataforma_o_actividad_participa_otra_actividad_no_listada,b11_como_consiguio_este_trabajo_actividad,b11_como_consiguio_este_trabajo_actividad_contactos_personales_familia_amigos,b11_como_consiguio_este_trabajo_actividad_redes_sociales_instagram_facebook,b11_como_consiguio_este_trabajo_actividad_plataforma_app_especifica,b11_como_consiguio_este_trabajo_actividad_busqueda_propia_oferta_demanda_local,b12_como_recibe_los_pagos_principalmente,b13_que_porcentaje_de_sus_ingresos_totales_representa,b14_ve_esta_actividad_como_temporal_o_permanente,c1_ante_bonos_por_metas_usted,c2_si_el_pago_subiera_un_20_percent_usted,c3_si_consiguiera_un_empleo_formal_usted,d1_su_ingreso_real_comparado_con_el_inicio_es,d2_en_el_periodo_de_mayor_inflacion_usted,d3_mirando_hacia_el_futuro_planea,e1_genero,e2_edad_anos_38,e3_nivel_educativo_mas_alto_alcanzado,e4_en_que_ciudad_vive,e5_recibe_remesas_o_apoyo_familiar_regular,e2_edad_anos_42,id,uuid,submission_time,validation_status,notes,status,submitted_by,version,tags,index,horas_semanales,ingreso_principal,sector,educacion,edad,genero,ciudad,respuesta_bonos,respuesta_salario,periodo
Otro,Pequeño negocio,2022,Menos de 10 horas,"No, es un complemento",NA,NA,NA,NA,NA,NA,NA,NA,NA,NA,NA,NA,"Venta/comercio (redes sociales, marketplaces)",0,1,0,0,Búsqueda propia (oferta-demanda local),0,0,0,1,Combinación de métodos,Varía mucho (ingreso irregular),Depende de las oportunidades,Aumenta significativamente sus horas,Trabajaría muchas más horas,Reduciría sus horas,Mayor que antes,Aumentó sus horas,Dejar cuando encuentre otra cosa,Femenino,18 - 24  años,Universitario (en curso),Santo Domingo,No,NA,649603083,e15ad225-d0fe-43d1-be92-8da345ea72e3,2026-01-16T05:46:59Z,Approved,NA,submitted_via_web,NA,vMar2eobaovNLXogDnxiiB,NA,1,5,0,Otro,Universitario (en curso),18 - 24  años,Femenino,Santo Domingo,3,3,1
Freelancer Digital,NA,2019 o antes,Más de 40 horas,"Sí, es mi único ingreso",NA,NA,NA,Plataformas de redacción/blogging,0,1,0,Mayormente locales (DOP),No cobro en dólares,NA,NA,NA,NA,NA,NA,NA,NA,NA,NA,NA,NA,NA,NA,NA,NA,No cambia sus horas,Trabajaría algunas horas más,Mantendría sus horas actuales,Mayor que antes,"Mantuvo sus horas, ganó menos",Formalizar como empresa propia,Femenino,55< años (mayor que 18 años),Universitario (graduado),Santo Domingo,No,NA,649960922,87448bef-c312-4a4a-bc4b-7381662ad3a0,2026-01-16T15:53:42Z,Approved,NA,submitted_via_web,NA,vMar2eobaovNLXogDnxiiB,NA,2,45,1,Freelancer Digital,Universitario (graduado),55< años (mayor que 18 años),Femenino,Santo Domingo,1,2,0
Freelancer Digital,NA,2024,10-20 horas,"No, es un complemento",NA,NA,NA,Upwork/Fiverr,1,0,0,Mayormente internacionales (USD/EUR),Me benefició un poco,NA,NA,NA,NA,NA,NA,NA,NA,NA,NA,NA,NA,NA,NA,NA,NA,Aumenta un poco sus horas,Trabajaría algunas horas más,Reduciría sus horas,Mayor que antes,Aumentó sus horas,Reducir progresivamente,Masculino,18 - 24  años,Universitario (en curso),Santo Domingo Este,No,NA,649974981,ee865bd9-351b-430f-84d6-95106e2da6e6,2026-01-16T16:09:45Z,Approved,NA,submitted_via_web,NA,vMar2eobaovNLXogDnxiiB,NA,3,15,0,Freelancer Digital,Universitario (en curso),18 - 24  años,Masculino,Santo Domingo Este,2,2,1
Otro,Administración de propiedades,2023,Más de 40 horas,"No, es un complemento",NA,NA,NA,NA,NA,NA,NA,NA,NA,NA,NA,NA,"Servicios a domicilio (limpieza, reparaciones, belleza)",1,0,0,0,Búsqueda propia (oferta-demanda local),0,0,0,1,Transferencia bancaria,Más del 50% (ingreso principal),Permanente (es mi carrera/proyecto),No cambia sus horas,Trabajaría muchas más horas,Mantendría sus horas actuales,Mayor que antes,Aumentó sus horas,"Seguir, aumentando horas",Femenino,35-44 años,Posgrado,Santo Domingo,No,NA,649986983,a59b0f2b-11b9-49e3-9c46-8114b961dd41,2026-01-16T16:23:27Z,Approved,NA,submitted_via_web,NA,vMar2eobaovNLXogDnxiiB,NA,4,45,0,Otro,Posgrado,35-44 años,Femenino,Santo Domingo,1,3,1
Otro,Venta informal,2020,Menos de 10 horas,"No, es un ingreso ocasional",NA,NA,NA,NA,NA,NA,NA,NA,NA,NA,NA,NA,"Venta/comercio (redes sociales, marketplaces)",0,1,0,0,Contactos personales (familia/amigos),1,0,0,0,Combinación de métodos,Varía mucho (ingreso irregular),Permanente (es mi carrera/proyecto),No cambia sus horas,Trabajaría algunas horas más,Reduciría sus horas,Mayor que antes,Aumentó sus horas,"Seguir, manteniendo horas",Femenino,18 - 24  años,Secundaria,Santo Domingo este,Sí,NA,649990122,91c7f092-2386-42a3-8330-3a4c0e83dbfe,2026-01-16T16:26:49Z,Approved,NA,submitted_via_web,NA,vMar2eobaovNLXogDnxiiB,NA,5,5,0,Otro,Secundaria,18 - 24  años,Femenino,Santo Domingo este,1,2,0
Otro,Búsquedas,2020,Menos de 10 horas,"No, es un complemento",NA,NA,NA,NA,NA,NA,NA,NA,NA,NA,NA,NA,"Servicios a domicilio (limpieza, reparaciones, belleza)",1,0,0,0,Contactos personales (familia/amigos),1,0,0,0,Combinación de métodos,Varía mucho (ingreso irregular),Depende de las oportunidades,Aumenta un poco sus horas,Trabajaría algunas horas más,Reduciría sus horas,Mayor que antes,Aumentó sus horas,Formalizar como empresa propia,Masculino,45-54 años,Universitario (graduado),Santo Domingo Oeste,No,NA,650017744,1ad9c91e-7358-47af-8522-3ddebcb720b7,2026-01-16T16:59:12Z,Approved,NA,submitted_via_web,NA,vMar2eobaovNLXogDnxiiB,NA,6,5,0,Otro,Universitario (graduado),45-54 años,Masculino,Santo Domingo Oeste,2,2,0
Freelancer Digital,NA,2023,10-20 horas,"No, es un ingreso ocasional",NA,NA,NA,Mercado local,0,0,1,Mayormente locales (DOP),No cobro en dólares,NA,NA,NA,NA,NA,NA,NA,NA,NA,NA,NA,NA,NA,NA,NA,NA,Aumenta un poco sus horas,Trabajaría algunas horas más,Aumentaría sus horas,Mayor que antes,Aumentó sus horas,Formalizar como empresa propia,Masculino,18 - 24  años,Universitario (en curso),Distrito Nacional,No,NA,650039658,b3fe5f63-0bd4-49b3-96e1-40b098a900a6,2026-01-16T17:33:23Z,Approved,NA,submitted_via_web,NA,vMar2eobaovNLXogDnxiiB,NA,7,15,0,Freelancer Digital,Universitario (en curso),18 - 24  años,Masculino,Distrito Nacional,2,2,1
Freelancer Digital,NA,2019 o antes,Más de 40 horas,"Sí, es mi ingreso principal",NA,NA,NA,Mercado local,0,0,1,Mix 50/50,Me benefició un poco,NA,NA,NA,NA,NA,NA,NA,NA,NA,NA,NA,NA,NA,NA,NA,NA,Aumenta un poco sus horas,Trabajaría las mismas horas,Mantendría sus horas actuales,Mayor que antes,"Mantuvo sus horas, ganó menos",Reducir progresivamente,Masculino,45-54 años,Universitario (en curso),Santo Domingo,No,NA,650047718,00991c5c-ad6e-4bb1-8223-8550db32769d,2026-01-16T17:46:25Z,Approved,NA,submitted_via_web,NA,vMar2eobaovNLXogDnxiiB,NA,8,45,1,Freelancer Digital,Universitario (en curso),45-54 años,Masculino,Santo Domingo,2,1,0
"Conductor de Plataforma (Uber, Didi, etc.)",NA,2024,Más de 40 horas,"Sí, es mi único ingreso",NA,NA,NA,NA,NA,NA,NA,NA,NA,Automóvil propio,6-10 viajes,Trabajé más horas para compensar,NA,NA,NA,NA,NA,NA,NA,NA,NA,NA,NA,NA,NA,Disminuye sus horas,Trabajaría las mismas horas,Reduciría sus horas,Mayor que antes,Disminuyó sus horas,Reducir progresivamente,Masculino,18 - 24  años,Universitario (en curso),Santo Domingo Este,Sí,NA,650065843,4991b65b-24c1-4577-8af4-a8370fe67a27,2026-01-16T18:11:49Z,Approved,NA,submitted_via_web,NA,vMar2eobaovNLXogDnxiiB,NA,9,45,1,"Conductor de Plataforma (Uber, Didi, etc.)",Universitario (en curso),18 - 24  años,Masculino,Santo Domingo Este,0,1,1
Freelancer Digital,NA,2023,Más de 40 horas,"Sí, es mi ingreso principal",NA,NA,NA,Mercado local,0,0,1,Mayormente internacionales (USD/EUR),No noté diferencia,NA,NA,NA,NA,NA,NA,NA,NA,NA,NA,NA,NA,NA,NA,NA,NA,Aumenta un poco sus horas,Trabajaría algunas horas más,Mantendría sus horas actuales,Mayor que antes,"Mantuvo sus horas, ganó menos","Seguir, aumentando horas",Masculino,18 - 24  años,Universitario (en curso),Distrito Nacional,No,NA,650066102,9bb5e24c-d885-4bad-9e5f-be034f2169b8,2026-01-16T18:12:07Z,Approved,NA,submitted_via_web,NA,vMar2eobaovNLXogDnxiiB,NA,10,45,1,Freelancer Digital,Universitario (en curso),18 - 24  años,Masculino,Distrito Nacional,2,2,1
Freelancer Digital,NA,2023,10-20 horas,"No, es un complemento",NA,NA,NA,Mercado local,0,0,1,Mayormente locales (DOP),No cobro en dólares,NA,NA,NA,NA,NA,NA,NA,NA,NA,NA,NA,NA,NA,NA,NA,NA,Aumenta significativamente sus horas,Trabajaría algunas horas más,Reduciría sus horas,Menor que antes,Aumentó sus horas,"Seguir, aumentando horas",Femenino,18 - 24  años,Universitario (en curso),Santo Domingo,No,NA,650079737,1d810d2b-a129-4d6c-81d7-d3b861d431f1,2026-01-16T18:33:42Z,Approved,NA,submitted_via_web,NA,vuyQgGZ8qTmtSpfGbfjSjs,NA,11,15,0,Freelancer Digital,Universitario (en curso),18 - 24  años,Femenino,Santo Domingo,3,2,1
Freelancer Digital,NA,2025,31-40 horas,"Sí, es mi único ingreso",NA,NA,NA,NA,NA,NA,NA,NA,NA,NA,NA,NA,NA,NA,NA,NA,NA,NA,NA,NA,NA,NA,NA,NA,NA,No cambia sus horas,Trabajaría las mismas horas,Reduciría sus horas,No sé / No he hecho el cálculo,Aumentó sus horas,"Seguir, manteniendo horas",Femenino,18 - 24  años,Universitario (en curso),Santo Domingo,No,NA,650092688,6593d477-d017-4bc7-b02a-41fa1c5872b0,2026-01-16T18:55:26Z,Approved,NA,submitted_via_web,NA,vuyQgGZ8qTmtSpfGbfjSjs,NA,12,35,1,Freelancer Digital,Universitario (en curso),18 - 24  años,Femenino,Santo Domingo,1,1,1
Freelancer Digital,NA,2025,10-20 horas,"No, es un complemento",NA,NA,NA,Mercado local,0,0,1,Mayormente internacionales (USD/EUR),No noté diferencia,NA,NA,NA,NA,NA,NA,NA,NA,NA,NA,NA,NA,NA,NA,NA,NA,No cambia sus horas,Trabajaría las mismas horas,Mantendría sus horas actuales,No sé / No he hecho el cálculo,NA,Formalizar como empresa propia,Masculino,18 - 24  años,Técnico,Santo Domingo,No,NA,650146908,dcb205be-783a-4780-9fd2-3f74cb7d9a65,2026-01-16T20:29:24Z,Approved,NA,submitted_via_web,NA,vuyQgGZ8qTmtSpfGbfjSjs,NA,13,15,0,Freelancer Digital,Técnico,18 - 24  años,Masculino,Santo Domingo,1,1,1
Freelancer Digital,NA,2019 o antes,Más de 40 horas,"No, es un complemento",NA,NA,NA,Upwork/Fiverr,1,0,0,Mix 50/50,Me benefició significativamente,NA,NA,NA,NA,NA,NA,NA,NA,NA,NA,NA,NA,NA,NA,NA,NA,Aumenta significativamente sus horas,Trabajaría algunas horas más,Reduciría sus horas,Mayor que antes,Cambié de plataforma,Formalizar como empresa propia,Masculino,35-44 años,Universitario (en curso),Santo Domingo,No,NA,650193548,65aa8c5c-0581-42cc-b437-1daa89191e4b,2026-01-16T23:40:33Z,Approved,NA,submitted_via_web,NA,vMar2eobaovNLXogDnxiiB,NA,14,45,0,Freelancer Digital,Universitario (en curso),35-44 años,Masculino,Santo Domingo,3,2,0
"Conductor de Plataforma (Uber, Didi, etc.)",NA,2024,Menos de 10 horas,"Sí, es mi ingreso principal",NA,NA,NA,NA,NA,NA,NA,NA,NA,Automóvil propio,16+ viajes,Trabajé más horas para compensar,NA,NA,NA,NA,NA,NA,NA,NA,NA,NA,NA,NA,NA,Aumenta significativamente sus horas,Trabajaría algunas horas más,Reduciría sus horas,Mayor que antes,"Mantuvo sus horas, ganó menos","Seguir, manteniendo horas",Masculino,35-44 años,Universitario (graduado),Santo Domingo,No,NA,650457434,bf561642-dc77-4084-b98b-9eaea54cfa38,2026-01-17T13:22:53Z,Approved,NA,submitted_via_web,NA,vuyQgGZ8qTmtSpfGbfjSjs,NA,15,5,1,"Conductor de Plataforma (Uber, Didi, etc.)",Universitario (graduado),35-44 años,Masculino,Santo Domingo,3,2,1
"Conductor de Plataforma (Uber, Didi, etc.)",NA,2024,10-20 horas,"Sí, es mi único ingreso",NA,NA,NA,NA,NA,NA,NA,NA,NA,Automóvil propio,1-5 viajes,"Trabajé igual, pero gané menos",NA,NA,NA,NA,NA,NA,NA,NA,NA,NA,NA,NA,NA,Aumenta un poco sus horas,Trabajaría algunas horas más,Reduciría sus horas,Mayor que antes,"Mantuvo sus horas, ganó menos","Seguir, manteniendo horas",Masculino,18 - 24  años,Secundaria,Santo Domingo,Sí,NA,650499072,a126a8c8-232b-4ee4-9639-0799b5335db7,2026-01-17T14:54:12Z,Approved,NA,submitted_via_web,NA,vuyQgGZ8qTmtSpfGbfjSjs,NA,16,15,1,"Conductor de Plataforma (Uber, Didi, etc.)",Secundaria,18 - 24  años,Masculino,Santo Domingo,2,2,1
"Delivery (PedidosYa, rappi, etc.)",NA,2024,10-20 horas,NA,Automóvil,11-15 pedidos,Se mantuvo igual,NA,NA,NA,NA,NA,NA,NA,NA,NA,NA,NA,NA,NA,NA,NA,NA,NA,NA,NA,NA,NA,NA,Aumenta significativamente sus horas,Trabajaría muchas más horas,Reduciría sus horas,No sé / No he hecho el cálculo,"Mantuvo sus horas, ganó menos","Seguir, manteniendo horas",Masculino,18 - 24  años,Universitario (en curso),Santo Domingo,Sí,NA,650518150,a89a312b-55d2-4899-9d9c-eb6b870be8c2,2026-01-17T15:30:08Z,Approved,NA,submitted_via_web,NA,vuyQgGZ8qTmtSpfGbfjSjs,NA,17,15,0,"Delivery (PedidosYa, rappi, etc.)",Universitario (en curso),18 - 24  años,Masculino,Santo Domingo,3,3,1
"Delivery (PedidosYa, rappi, etc.)",NA,2019 o antes,Más de 40 horas,"No, es un complemento",Motocicleta,16+ pedidos,Disminuyó mucho,NA,NA,NA,NA,NA,NA,NA,NA,NA,NA,NA,NA,NA,NA,NA,NA,NA,NA,NA,NA,NA,NA,Disminuye sus horas,Trabajaría muchas más horas,Dejaría completamente la plataforma,Mayor que antes,Aumentó sus horas,"Seguir, aumentando horas",Masculino,18 - 24  años,Secundaria,Puerto Plata,No,NA,650518737,d039b3ca-043e-49e4-b5d2-5c857f5f89cf,2026-01-17T15:31:27Z,Approved,NA,submitted_via_web,NA,vuyQgGZ8qTmtSpfGbfjSjs,NA,18,45,0,"Delivery (PedidosYa, rappi, etc.)",Secundaria,18 - 24  años,Masculino,Puerto Plata,0,3,0
"Delivery (PedidosYa, rappi, etc.)",NA,2020,Más de 40 horas,"Sí, es mi ingreso principal",Motocicleta,16+ pedidos,Aumentó poco,NA,NA,NA,NA,NA,NA,NA,NA,NA,NA,NA,NA,NA,NA,NA,NA,NA,NA,NA,NA,NA,NA,No cambia sus horas,Trabajaría algunas horas más,Mantendría sus horas actuales,Mayor que antes,"Mantuvo sus horas, ganó menos","Seguir, manteniendo horas",Masculino,18 - 24  años,Primaria,Santo Domingo,Sí,NA,650519472,2bca4c8a-9c53-44cc-bb43-76901b2def80,2026-01-17T15:33:08Z,Approved,NA,submitted_via_web,NA,vMar2eobaovNLXogDnxiiB,NA,19,45,1,"Delivery (PedidosYa, rappi, etc.)",Primaria,18 - 24  años,Masculino,Santo Domingo,1,2,0
"Conductor de Plataforma (Uber, Didi, etc.)",NA,2024,Menos de 10 horas,"No, es un complemento",NA,NA,NA,NA,NA,NA,NA,NA,NA,Automóvil propio,1-5 viajes,Cambié a horas de mayor demanda,NA,NA,NA,NA,NA,NA,NA,NA,NA,NA,NA,NA,NA,Aumenta un poco sus horas,Trabajaría algunas horas más,Dejaría completamente la plataforma,Mayor que antes,"Mantuvo sus horas, ganó menos",Reducir progresivamente,Masculino,18 - 24  años,Secundaria,Azua,No,NA,650519612,d54150a2-7a66-4cef-942b-24457f027a06,2026-01-17T15:33:34Z,Approved,NA,submitted_via_web,NA,vuyQgGZ8qTmtSpfGbfjSjs,NA,20,5,0,"Conductor de Plataforma (Uber, Didi, etc.)",Secundaria,18 - 24  años,Masculino,Azua,2,2,1
"Conductor de Plataforma (Uber, Didi, etc.)",NA,2019 o antes,10-20 horas,"Sí, es mi único ingreso",NA,NA,NA,NA,NA,NA,NA,NA,NA,Automóvil propio,16+ viajes,Trabajé más horas para compensar,NA,NA,NA,NA,NA,NA,NA,NA,NA,NA,NA,NA,NA,Aumenta significativamente sus horas,Trabajaría muchas más horas,Reduciría sus horas,Igual que antes,Aumentó sus horas,"Seguir, manteniendo horas",Masculino,18 - 24  años,Universitario (en curso),Distrito Nacional,Sí,NA,650613539,780b9ce4-5ce3-4f80-9ada-efdcd3546db7,2026-01-17T19:10:20Z,Approved,NA,submitted_via_web,NA,vuyQgGZ8qTmtSpfGbfjSjs,NA,21,15,1,"Conductor de Plataforma (Uber, Didi, etc.)",Universitario (en curso),18 - 24  años,Masculino,Distrito Nacional,3,3,0
Freelancer Digital,NA,2025,Menos de 10 horas,"No, es un ingreso ocasional",NA,NA,NA,Mercado local,0,0,1,Mayormente locales (DOP),No cobro en dólares,NA,NA,NA,NA,NA,NA,NA,NA,NA,NA,NA,NA,NA,NA,NA,NA,No cambia sus horas,Trabajaría algunas horas más,Mantendría sus horas actuales,No sé / No he hecho el cálculo,Cambié de plataforma,"Seguir, aumentando horas",Femenino,18 - 24  años,Universitario (en curso),Santo Domingo,Sí,NA,650632840,bb2af865-1cfa-419c-99c8-ac6f07406903,2026-01-17T20:12:10Z,Approved,NA,submitted_via_web,NA,vuyQgGZ8qTmtSpfGbfjSjs,NA,22,5,0,Freelancer Digital,Universitario (en curso),18 - 24  años,Femenino,Santo Domingo,1,2,1
Freelancer Digital,NA,2021,21-30 horas,"Sí, es mi único ingreso",NA,NA,NA,Mercado local,0,0,1,Mayormente locales (DOP),No noté diferencia,NA,NA,NA,NA,NA,NA,NA,NA,NA,NA,NA,NA,NA,NA,NA,NA,No cambia sus horas,Trabajaría algunas horas más,Mantendría sus horas actuales,Mayor que antes,"Mantuvo sus horas, ganó menos","Seguir, manteniendo horas",Femenino,35-44 años,Universitario (en curso),Santo Domingo,No,NA,651056776,cb701245-cc16-4b06-b090-4e7cd4c10f02,2026-01-18T19:43:03Z,Approved,NA,submitted_via_web,NA,vuyQgGZ8qTmtSpfGbfjSjs,NA,23,25,1,Freelancer Digital,Universitario (en curso),35-44 años,Femenino,Santo Domingo,1,2,0
Freelancer Digital,NA,2020,21-30 horas,"Sí, es mi único ingreso",NA,NA,NA,Mercado local,0,0,1,Mayormente locales (DOP),No noté diferencia,NA,NA,NA,NA,NA,NA,NA,NA,NA,NA,NA,NA,NA,NA,NA,NA,No cambia sus horas,Trabajaría algunas horas más,Mantendría sus horas actuales,Mayor que antes,Aumentó sus horas,Reducir progresivamente,Femenino,18 - 24  años,Universitario (graduado),Santo Domingo,No,NA,651057986,e0881814-d0e9-4156-bae5-ba27ea1f879e,2026-01-18T19:47:11Z,Approved,NA,submitted_via_web,NA,vuyQgGZ8qTmtSpfGbfjSjs,NA,24,25,1,Freelancer Digital,Universitario (graduado),18 - 24  años,Femenino,Santo Domingo,1,2,0
Freelancer Digital,NA,2025,Menos de 10 horas,"No, es un ingreso ocasional",NA,NA,NA,Upwork/Fiverr Mercado local,1,0,1,Mix 50/50,No noté diferencia,NA,NA,NA,NA,NA,NA,NA,NA,NA,NA,NA,NA,NA,NA,NA,NA,No cambia sus horas,Trabajaría las mismas horas,Reduciría sus horas,Mayor que antes,"Mantuvo sus horas, ganó menos","Seguir, aumentando horas",Masculino,18 - 24  años,Secundaria,Santo Domingo,Sí,NA,651059246,65be8058-ece1-4cca-a9ae-06d910e41ab9,2026-01-18T19:51:44Z,Approved,NA,submitted_via_web,NA,vuyQgGZ8qTmtSpfGbfjSjs,NA,25,5,0,Freelancer Digital,Secundaria,18 - 24  años,Masculino,Santo Domingo,1,1,1
Freelancer Digital,NA,2024,Más de 40 horas,"Sí, es mi ingreso principal",NA,NA,NA,Mercado local,0,0,1,Mix 50/50,Me benefició significativamente,NA,NA,NA,NA,NA,NA,NA,NA,NA,NA,NA,NA,NA,NA,NA,NA,Disminuye sus horas,Trabajaría menos horas,Reduciría sus horas,Mayor que antes,Aumentó sus horas,Dejar cuando encuentre otra cosa,Masculino,18 - 24  años,Secundaria,Santo Domingo,No,NA,651059820,e6bf7d3b-42c2-446c-a1e9-c406df0b7173,2026-01-18T19:54:38Z,Approved,NA,submitted_via_web,NA,vuyQgGZ8qTmtSpfGbfjSjs,NA,26,45,1,Freelancer Digital,Secundaria,18 - 24  años,Masculino,Santo Domingo,0,0,1
Freelancer Digital,NA,2023,Menos de 10 horas,"Sí, es mi único ingreso",NA,NA,NA,Mercado local,0,0,1,Mayormente locales (DOP),No noté diferencia,NA,NA,NA,NA,NA,NA,NA,NA,NA,NA,NA,NA,NA,NA,NA,NA,No cambia sus horas,Trabajaría algunas horas más,Dejaría completamente la plataforma,Mayor que antes,"Mantuvo sus horas, ganó menos",Dejar cuando encuentre otra cosa,Femenino,35-44 años,Universitario (graduado),Santo Domingo,Sí,NA,651069682,360eaf61-1104-4d02-bb0c-bb44a9543a77,2026-01-18T20:28:28Z,Approved,NA,submitted_via_web,NA,vuyQgGZ8qTmtSpfGbfjSjs,NA,27,5,1,Freelancer Digital,Universitario (graduado),35-44 años,Femenino,Santo Domingo,1,2,1
Freelancer Digital,NA,2025,Más de 40 horas,"Sí, es mi único ingreso",NA,NA,NA,Mercado local,0,0,1,Mayormente locales (DOP),Me benefició un poco,NA,NA,NA,NA,NA,NA,NA,NA,NA,NA,NA,NA,NA,NA,NA,NA,No cambia sus horas,Trabajaría algunas horas más,Reduciría sus horas,Igual que antes,"Mantuvo sus horas, ganó menos",Dejar cuando encuentre otra cosa,Femenino,18 - 24  años,Universitario (graduado),Santo Domingo,No,NA,651070216,77a075ec-7b3b-4cbd-a7d5-68ac65eb475b,2026-01-18T20:31:56Z,Approved,NA,submitted_via_web,NA,vuyQgGZ8qTmtSpfGbfjSjs,NA,28,45,1,Freelancer Digital,Universitario (graduado),18 - 24  años,Femenino,Santo Domingo,1,2,1
Freelancer Digital,NA,2025,31-40 horas,"Sí, es mi ingreso principal",NA,NA,NA,Mercado local,0,0,1,Mayormente locales (DOP),No noté diferencia,NA,NA,NA,NA,NA,NA,NA,NA,NA,NA,NA,NA,NA,NA,NA,NA,Aumenta significativamente sus horas,Trabajaría algunas horas más,Mantendría sus horas actuales,Mayor que antes,"Mantuvo sus horas, ganó menos","Seguir, aumentando horas",Masculino,35-44 años,Universitario (graduado),Santo Domingo,No,NA,651070702,54da91f2-cb4d-460e-b90e-1c85d7be3565,2026-01-18T20:34:57Z,Approved,NA,submitted_via_web,NA,vuyQgGZ8qTmtSpfGbfjSjs,NA,29,35,1,Freelancer Digital,Universitario (graduado),35-44 años,Masculino,Santo Domingo,3,2,1
Freelancer Digital,NA,2021,Más de 40 horas,"Sí, es mi único ingreso",NA,NA,NA,Mercado local,0,0,1,Mayormente locales (DOP),No cobro en dólares,NA,NA,NA,NA,NA,NA,NA,NA,NA,NA,NA,NA,NA,NA,NA,NA,No cambia sus horas,Trabajaría algunas horas más,Reduciría sus horas,Mayor que antes,"Mantuvo sus horas, ganó menos",Reducir progresivamente,Femenino,18 - 24  años,Posgrado,Santo Domingo,No,NA,651071065,7d99a2ae-b2ba-481f-8bfe-168d1ebaa713,2026-01-18T20:37:24Z,Approved,NA,submitted_via_web,NA,vuyQgGZ8qTmtSpfGbfjSjs,NA,30,45,1,Freelancer Digital,Posgrado,18 - 24  años,Femenino,Santo Domingo,1,2,0
Freelancer Digital,NA,2025,31-40 horas,"Sí, es mi ingreso principal",NA,NA,NA,Mercado local,0,0,1,Mayormente locales (DOP),No noté diferencia,NA,NA,NA,NA,NA,NA,NA,NA,NA,NA,NA,NA,NA,NA,NA,NA,Aumenta un poco sus horas,Trabajaría algunas horas más,Mantendría sus horas actuales,Igual que antes,"Mantuvo sus horas, ganó menos",Reducir progresivamente,Femenino,18 - 24  años,Universitario (graduado),Santo Domingo,No,NA,651072121,6d83d5be-f8b1-40d3-bc81-fdb986efdf8e,2026-01-18T20:42:10Z,Approved,NA,submitted_via_web,NA,vuyQgGZ8qTmtSpfGbfjSjs,NA,31,35,1,Freelancer Digital,Universitario (graduado),18 - 24  años,Femenino,Santo Domingo,2,2,1
Freelancer Digital,NA,2023,Más de 40 horas,"Sí, es mi ingreso principal",NA,NA,NA,Mercado local,0,0,1,Mayormente locales (DOP),No noté diferencia,NA,NA,NA,NA,NA,NA,NA,NA,NA,NA,NA,NA,NA,NA,NA,NA,Aumenta significativamente sus horas,Trabajaría las mismas horas,Dejaría completamente la plataforma,Mayor que antes,"Mantuvo sus horas, ganó menos",Dejar cuando encuentre otra cosa,Femenino,18 - 24  años,Universitario (graduado),Santo Domingo,No,NA,651072933,3180a89f-938c-4259-a493-b38cbcd3bfea,2026-01-18T20:44:30Z,Approved,NA,submitted_via_web,NA,vuyQgGZ8qTmtSpfGbfjSjs,NA,32,45,1,Freelancer Digital,Universitario (graduado),18 - 24  años,Femenino,Santo Domingo,3,1,1
"Conductor de Plataforma (Uber, Didi, etc.)",NA,2022,Menos de 10 horas,"No, es un complemento",NA,NA,NA,NA,NA,NA,NA,NA,NA,Automóvil propio,1-5 viajes,"Trabajé igual, pero gané menos",NA,NA,NA,NA,NA,NA,NA,NA,NA,NA,NA,NA,NA,No cambia sus horas,Trabajaría las mismas horas,Reduciría sus horas,No sé / No he hecho el cálculo,"Mantuvo sus horas, ganó menos",Dejar cuando encuentre otra cosa,Femenino,18 - 24  años,Universitario (en curso),NA,Sí,NA,651080542,ae6334d0-3357-4529-a008-ecbc7e28ee1e,2026-01-18T21:21:53Z,Approved,NA,submitted_via_web,NA,vuyQgGZ8qTmtSpfGbfjSjs,NA,33,5,0,"Conductor de Plataforma (Uber, Didi, etc.)",Universitario (en curso),18 - 24  años,Femenino,NA,1,1,1
"Delivery (PedidosYa, rappi, etc.)",NA,2020,10-20 horas,"Sí, es mi ingreso principal",Motocicleta,11-15 pedidos,Se mantuvo igual,NA,NA,NA,NA,NA,NA,NA,NA,NA,NA,NA,NA,NA,NA,NA,NA,NA,NA,NA,NA,NA,NA,Aumenta un poco sus horas,Trabajaría muchas más horas,NA,Mayor que antes,"Mantuvo sus horas, ganó menos",Reducir progresivamente,Masculino,35-44 años,Secundaria,Santo Domingo,No,NA,651080966,497f9525-3d3e-47b1-8239-26a25d5a167d,2026-01-18T21:23:35Z,Approved,NA,submitted_via_web,NA,vuyQgGZ8qTmtSpfGbfjSjs,NA,34,15,1,"Delivery (PedidosYa, rappi, etc.)",Secundaria,35-44 años,Masculino,Santo Domingo,2,3,0
Freelancer Digital,NA,2019 o antes,Menos de 10 horas,"No, es un complemento",NA,NA,NA,Plataformas de redacción/blogging,0,1,0,Mayormente locales (DOP),No noté diferencia,NA,NA,NA,NA,NA,NA,NA,NA,NA,NA,NA,NA,NA,NA,NA,NA,Aumenta un poco sus horas,Trabajaría algunas horas más,Mantendría sus horas actuales,Mayor que antes,"Mantuvo sus horas, ganó menos",Formalizar como empresa propia,Femenino,45-54 años,Posgrado,Santo Domingo,No,NA,651113912,e1a234d8-d1df-48fd-b2ec-11f9e66630f9,2026-01-19T01:01:48Z,Approved,NA,submitted_via_web,NA,vuyQgGZ8qTmtSpfGbfjSjs,NA,35,5,0,Freelancer Digital,Posgrado,45-54 años,Femenino,Santo Domingo,2,2,0
Freelancer Digital,NA,2019 o antes,Más de 40 horas,"No, es un complemento",NA,NA,NA,NA,NA,NA,NA,NA,NA,NA,NA,NA,NA,NA,NA,NA,NA,NA,NA,NA,NA,NA,NA,NA,NA,No cambia sus horas,Trabajaría muchas más horas,Mantendría sus horas actuales,Mayor que antes,Aumentó sus horas,"Seguir, aumentando horas",Masculino,35-44 años,Universitario (graduado),Santo Domingo,No,NA,651117199,ca9c9807-495c-40cf-b2a0-dde22275dfa8,2026-01-19T01:19:46Z,Approved,NA,submitted_via_web,NA,vuyQgGZ8qTmtSpfGbfjSjs,NA,36,45,0,Freelancer Digital,Universitario (graduado),35-44 años,Masculino,Santo Domingo,1,3,0
Freelancer Digital,NA,2019 o antes,10-20 horas,"No, es un ingreso ocasional",NA,NA,NA,Mercado local,0,0,1,Mayormente locales (DOP),No noté diferencia,NA,NA,NA,NA,NA,NA,NA,NA,NA,NA,NA,NA,NA,NA,NA,NA,Aumenta un poco sus horas,Trabajaría las mismas horas,Mantendría sus horas actuales,Mayor que antes,Aumentó sus horas,"Seguir, manteniendo horas",Femenino,35-44 años,Posgrado,Distrito nacional,No,NA,651117936,0633db6d-595a-4f72-af6f-93bff9038edb,2026-01-19T01:22:52Z,Approved,NA,submitted_via_web,NA,vuyQgGZ8qTmtSpfGbfjSjs,NA,37,15,0,Freelancer Digital,Posgrado,35-44 años,Femenino,Distrito nacional,2,1,0
Freelancer Digital,NA,2021,Menos de 10 horas,"No, es un ingreso ocasional",NA,NA,NA,Mercado local,0,0,1,Mix 50/50,Me benefició un poco,NA,NA,NA,NA,NA,NA,NA,NA,NA,NA,NA,NA,NA,NA,NA,NA,Aumenta significativamente sus horas,Trabajaría muchas más horas,Reduciría sus horas,Mayor que antes,"Mantuvo sus horas, ganó menos","Seguir, aumentando horas",Femenino,35-44 años,Posgrado,Santo Domingo,No,NA,651119697,a29d6c8d-93da-4e3c-92a2-bd22394192be,2026-01-19T01:31:56Z,Approved,NA,submitted_via_web,NA,vuyQgGZ8qTmtSpfGbfjSjs,NA,38,5,0,Freelancer Digital,Posgrado,35-44 años,Femenino,Santo Domingo,3,3,0
Freelancer Digital,NA,2019 o antes,Más de 40 horas,"No, es un complemento",NA,NA,NA,Plataformas de redacción/blogging,0,1,0,Mayormente locales (DOP),No noté diferencia,NA,NA,NA,NA,NA,NA,NA,NA,NA,NA,NA,NA,NA,NA,NA,NA,Aumenta un poco sus horas,Trabajaría muchas más horas,Mantendría sus horas actuales,No sé / No he hecho el cálculo,"Mantuvo sus horas, ganó menos",Formalizar como empresa propia,Masculino,45-54 años,Universitario (en curso),Santo Domingo Este,No,NA,651122309,f44d9f65-e130-4e54-8de8-663cf8272e68,2026-01-19T01:45:31Z,Approved,NA,submitted_via_web,NA,vuyQgGZ8qTmtSpfGbfjSjs,NA,39,45,0,Freelancer Digital,Universitario (en curso),45-54 años,Masculino,Santo Domingo Este,2,3,0
"Conductor de Plataforma (Uber, Didi, etc.)",NA,2023,10-20 horas,"No, es un ingreso ocasional",NA,NA,NA,NA,NA,NA,NA,NA,NA,Motocicleta,6-10 viajes,Trabajé más horas para compensar,NA,NA,NA,NA,NA,NA,NA,NA,NA,NA,NA,NA,NA,Disminuye sus horas,Trabajaría algunas horas más,Reduciría sus horas,Mayor que antes,Disminuyó sus horas,Formalizar como empresa propia,Masculino,18 - 24  años,Universitario (en curso),Santo Domingo Norte,No,NA,651126473,243a674b-7b5d-4067-a46d-ae7c17c80ffe,2026-01-19T02:03:47Z,Approved,NA,submitted_via_web,NA,vuyQgGZ8qTmtSpfGbfjSjs,NA,40,15,0,"Conductor de Plataforma (Uber, Didi, etc.)",Universitario (en curso),18 - 24  años,Masculino,Santo Domingo Norte,0,2,1
Freelancer Digital,NA,2021,Más de 40 horas,"Sí, es mi ingreso principal",NA,NA,NA,Mercado local,0,0,1,Mayormente locales (DOP),No noté diferencia,NA,NA,NA,NA,NA,NA,NA,NA,NA,NA,NA,NA,NA,NA,NA,NA,No cambia sus horas,Trabajaría las mismas horas,Mantendría sus horas actuales,Mayor que antes,"Mantuvo sus horas, ganó menos",Reducir progresivamente,Femenino,18 - 24  años,Universitario (graduado),Santo Domingo,No,NA,651146468,0b3710b0-f109-4b65-bf53-9d3af640f445,2026-01-19T03:24:21Z,Approved,NA,submitted_via_web,NA,vuyQgGZ8qTmtSpfGbfjSjs,NA,41,45,1,Freelancer Digital,Universitario (graduado),18 - 24  años,Femenino,Santo Domingo,1,1,0
Freelancer Digital,NA,2024,Más de 40 horas,"Sí, es mi ingreso principal",NA,NA,NA,Mercado local,0,0,1,Mix 50/50,No cobro en dólares,NA,NA,NA,NA,NA,NA,NA,NA,NA,NA,NA,NA,NA,NA,NA,NA,Aumenta significativamente sus horas,Trabajaría algunas horas más,Mantendría sus horas actuales,Igual que antes,Aumentó sus horas,Formalizar como empresa propia,Masculino,35-44 años,Universitario (graduado),Santo Domingo,No,NA,651146475,eaa0f935-5fd0-47d5-9521-8e1179a5b59f,2026-01-19T03:24:22Z,Approved,NA,submitted_via_web,NA,vuyQgGZ8qTmtSpfGbfjSjs,NA,42,45,1,Freelancer Digital,Universitario (graduado),35-44 años,Masculino,Santo Domingo,3,2,1
Freelancer Digital,NA,2022,Más de 40 horas,"Sí, es mi único ingreso",NA,NA,NA,Mercado local,0,0,1,Mayormente locales (DOP),No cobro en dólares,NA,NA,NA,NA,NA,NA,NA,NA,NA,NA,NA,NA,NA,NA,NA,NA,No cambia sus horas,Trabajaría las mismas horas,Mantendría sus horas actuales,Mayor que antes,"Mantuvo sus horas, ganó menos",Dejar cuando encuentre otra cosa,Femenino,18 - 24  años,Universitario (graduado),Santo Domingo,No,NA,651146478,a5d82f5f-1bf0-4b6d-a241-f879bfac3fd3,2026-01-19T03:24:22Z,Approved,NA,submitted_via_web,NA,vuyQgGZ8qTmtSpfGbfjSjs,NA,43,45,1,Freelancer Digital,Universitario (graduado),18 - 24  años,Femenino,Santo Domingo,1,1,1
Freelancer Digital,NA,2025,Más de 40 horas,"Sí, es mi ingreso principal",NA,NA,NA,Mercado local,0,0,1,Mayormente locales (DOP),No cobro en dólares,NA,NA,NA,NA,NA,NA,NA,NA,NA,NA,NA,NA,NA,NA,NA,NA,No cambia sus horas,Trabajaría las mismas horas,Aumentaría sus horas,Mayor que antes,"Mantuvo sus horas, ganó menos","Seguir, aumentando horas",Femenino,35-44 años,Universitario (graduado),Santo Domingo,No,NA,651146482,0c070173-ac33-489a-9e7f-b7b47b2456a8,2026-01-19T03:24:23Z,Approved,NA,submitted_via_web,NA,vuyQgGZ8qTmtSpfGbfjSjs,NA,44,45,1,Freelancer Digital,Universitario (graduado),35-44 años,Femenino,Santo Domingo,1,1,1
Freelancer Digital,NA,2019 o antes,31-40 horas,"Sí, es mi ingreso principal",NA,NA,NA,Mercado local,0,0,1,Mayormente locales (DOP),No noté diferencia,NA,NA,NA,NA,NA,NA,NA,NA,NA,NA,NA,NA,NA,NA,NA,NA,Aumenta significativamente sus horas,Trabajaría las mismas horas,Aumentaría sus horas,Mayor que antes,"Mantuvo sus horas, ganó menos","Seguir, aumentando horas",Femenino,35-44 años,Universitario (graduado),Santo Domingo,No,NA,651146485,c849a7b9-57fc-46f5-9f2d-4e3a158469ee,2026-01-19T03:24:23Z,Approved,NA,submitted_via_web,NA,vuyQgGZ8qTmtSpfGbfjSjs,NA,45,35,1,Freelancer Digital,Universitario (graduado),35-44 años,Femenino,Santo Domingo,3,1,0
Freelancer Digital,NA,2025,Más de 40 horas,"Sí, es mi ingreso principal",NA,NA,NA,Mercado local,0,0,1,Mix 50/50,No noté diferencia,NA,NA,NA,NA,NA,NA,NA,NA,NA,NA,NA,NA,NA,NA,NA,NA,No cambia sus horas,Trabajaría las mismas horas,Mantendría sus horas actuales,Mayor que antes,Disminuyó sus horas,Reducir progresivamente,Femenino,18 - 24  años,Secundaria,Santo Domingo,No,NA,651146490,3842bff5-bb2b-4b93-ad2b-0687fa11f551,2026-01-19T03:24:23Z,Approved,NA,submitted_via_web,NA,vuyQgGZ8qTmtSpfGbfjSjs,NA,46,45,1,Freelancer Digital,Secundaria,18 - 24  años,Femenino,Santo Domingo,1,1,1
Freelancer Digital,NA,2019 o antes,Menos de 10 horas,"No, es un ingreso ocasional",NA,NA,NA,Mercado local,0,0,1,Mayormente locales (DOP),No noté diferencia,NA,NA,NA,NA,NA,NA,NA,NA,NA,NA,NA,NA,NA,NA,NA,NA,Aumenta un poco sus horas,Trabajaría algunas horas más,Reduciría sus horas,Igual que antes,Aumentó sus horas,Reducir progresivamente,Masculino,35-44 años,Posgrado,Santo Domingo,No,NA,651382178,062333e1-3374-40df-ac79-c8a84a0b0762,2026-01-19T10:49:14Z,Approved,NA,submitted_via_web,NA,vuyQgGZ8qTmtSpfGbfjSjs,NA,47,5,0,Freelancer Digital,Posgrado,35-44 años,Masculino,Santo Domingo,2,2,0
Freelancer Digital,NA,2025,31-40 horas,"Sí, es mi ingreso principal",NA,NA,NA,Upwork/Fiverr Mercado local,1,0,1,Mayormente internacionales (USD/EUR),Me benefició significativamente,NA,NA,NA,NA,NA,NA,NA,NA,NA,NA,NA,NA,NA,NA,NA,NA,No cambia sus horas,Trabajaría las mismas horas,Mantendría sus horas actuales,Mayor que antes,"Mantuvo sus horas, ganó menos","Seguir, manteniendo horas",Masculino,18 - 24  años,Universitario (graduado),Santo Domingo,No,NA,651635427,b3fc246e-e2f2-4ff0-b98b-ae31efcce708,2026-01-19T15:56:34Z,Approved,NA,submitted_via_web,NA,vuyQgGZ8qTmtSpfGbfjSjs,NA,48,35,1,Freelancer Digital,Universitario (graduado),18 - 24  años,Masculino,Santo Domingo,1,1,1
"Conductor de Plataforma (Uber, Didi, etc.)",NA,2024,21-30 horas,"No, es un complemento",NA,NA,NA,NA,NA,NA,NA,NA,NA,Automóvil propio,6-10 viajes,Cambié a horas de mayor demanda,NA,NA,NA,NA,NA,NA,NA,NA,NA,NA,NA,NA,NA,Aumenta un poco sus horas,Trabajaría algunas horas más,Reduciría sus horas,Mayor que antes,Aumentó sus horas,Reducir progresivamente,Femenino,18 - 24  años,Universitario (en curso),Santo Domingo,Sí,NA,651738711,a799716a-bda8-405a-bc06-59ec78668aac,2026-01-19T18:57:52Z,Approved,NA,submitted_via_web,NA,vuyQgGZ8qTmtSpfGbfjSjs,NA,49,25,0,"Conductor de Plataforma (Uber, Didi, etc.)",Universitario (en curso),18 - 24  años,Femenino,Santo Domingo,2,2,1
"Conductor de Plataforma (Uber, Didi, etc.)",NA,2022,21-30 horas,"No, es un complemento",NA,NA,NA,NA,NA,NA,NA,NA,NA,Automóvil propio,6-10 viajes,No me afectó significativamente,NA,NA,NA,NA,NA,NA,NA,NA,NA,NA,NA,NA,NA,Aumenta significativamente sus horas,Trabajaría muchas más horas,Mantendría sus horas actuales,Igual que antes,Aumentó sus horas,"Seguir, manteniendo horas",Masculino,35-44 años,Secundaria,Santo Domingo,No,NA,651800143,caf9f5b5-4499-4749-813d-0647884116e5,2026-01-19T20:50:29Z,Approved,NA,submitted_via_web,NA,vuyQgGZ8qTmtSpfGbfjSjs,NA,50,25,0,"Conductor de Plataforma (Uber, Didi, etc.)",Secundaria,35-44 años,Masculino,Santo Domingo,3,3,1
